{"current":{"favicon":"shopify:\/\/shop_images\/Favicon_971b4ca4-74dd-4ba9-b347-20c2dae81f9d.png","logo_image_desktop":"shopify:\/\/shop_images\/lgh_f6.png","logo_transparent_image":"shopify:\/\/shop_images\/Logo_0883908e-c667-42db-a16d-ff8299d0da8e.png","logo_width_desktop":90,"logo_width_mobile":90,"first_notification":"👉 Come back!","rtl":false,"language_rtl":"","image_style":true,"base_radius":5,"animations_enabled":true,"currency_code_enabled":false,"store_phone":"+91 7012199732","store_email":"","store_address":"","link_store_page":"our-stores","social_twitter_link":"#","social_facebook_link":"#","social_pinterest_link":"#","social_instagram_link":"http:\/\/instagram.com\/shopify","social_tumblr_link":"","social_snapchat_link":"","social_youtube_link":"https:\/\/www.youtube.com\/@supportblueskytechco2223","social_vimeo_link":"","social_tiktok_link":"https:\/\/www.tiktok.com\/@blueskytechcompany","general_layout":"full_width","container-fluil-max-width":1410,"font_source_body":"2","fnt_body_sp":"futura_n4","fnt_body_gg":"Jost","bd_font_size":14,"font_source_heading":"2","fnt_headings_sp":"futura_n4","fnt_headings_gg":"Prata","headings_font_size_h1":41,"headings_font_size_h2":40,"headings_font_weight":400,"sub_headings_font_weight":600,"font_source_menu":"2","fnt_menu_sp":"futura_n4","fnt_menu_gg":"Jost","menu_font_size":13,"menu_font_weight":600,"menu_uppercase":true,"button_font_weight":600,"button_border_radius":5,"space_for_tablet":60,"space_for_mobile":50,"header_layout":"h_layout1","container":"full-width","sticky_header":true,"enable_transparent_header":false,"enable_transparent_header_topbar":false,"color_scheme_header":"scheme-6de5e490-9ebf-4111-bce7-840b2d9c6f4c","transparent_mobile":false,"bg_title_mobile":"#156c8c","show_my_account":false,"show_recently_viewed":false,"sticky_header_mobile":true,"show_country":false,"show_language":false,"search_type":"canvas","predictive_search":true,"enable_text_suggest":true,"search_for":"search_for_all","quick_search":"saree,kerala style, Tamilnadu Style","search_suggest":"saree","enable_search_input":true,"free_shipping_progress_bar":true,"shipping_rate":"5000","cart_countdown":true,"cart_countdown_duration":4,"cart_note":true,"cart_gift_wrap":false,"gift_wrap":"gift-wrap","cart_shipping_rates_calculator":false,"show_in_cart":true,"footer_layout":"footer-2","footer_open_collapsing":false,"show_message_add_to_wishlist":true,"show_compare":false,"show_review":true,"show_product_type":false,"content_center":true,"show_vendors":true,"product_style":"bls__product-style-3","show_product_action_on_mobile":true,"product_aspect_ratio":"custom","product_aspect_ratio_custom":"9:16","price_font_size":16,"price_color":"#111111","enable_sale_label":true,"product_label_style":"label-depend-on-button","enable_text_sale_scrolling":true,"bg_text_sale_scrolling":"#f18800","color_swatches_size":"large","color_swatches_style":"rounded","swatch_type":"color","swatch_selector_type":"text","option_name_color":"Colour","option_name_size":"Size,","show_qv_product_availability":true,"show_qv_product_sku":true,"show_qv_product_type":true,"show_qv_product_vendor":true,"show_qv_product_collection":false,"show_qv_product_description":true,"show_qv_product_review":true,"sold_qv_product":"","hours_qv_product":"","show_fake_order":false,"show_newsletter":"hide_newsletter","newsletter_width":530,"newsletter_sub_title":"<p>get notified about exclusive offers every week!<\/p>","disable_mobile":true,"show_promotion_select":"show_promotion_homepage","show_promotion_mobile":false,"promotion_code":"SEELA30","promotion_width":500,"promotion_banner":"shopify:\/\/shop_images\/zas.png","promotion_title":"Seela Designs","promotion_sub_title":"<p>Special Offer<\/p>","promotion_content":"Up to <span>10% Off<\/span>\nwhen using code \"[promotion_code]\"","show_before":false,"bf_banner":"shopify:\/\/shop_images\/bg_29.jpg","bf_collection":"earrings","bf_heading":"Top sale!","bf_sub_heading":"","bf_desc":"<p>Enter the code below at checkout to get 20% off your first order.<\/p><p><strong> \"[discount_code]\"<\/strong><\/p>","bf_label_bb":"Continue Shopping","bf_link_bb":"shopify:\/\/collections\/all","enable_cart_terms_conditions":false,"enable_product_terms_conditions":false,"enable_quickview_terms_conditions":false,"content_terms_conditions":"","page_terms_conditions":"term-condition","enable_eu_cookie_bar_gdpr":false,"message_cookie":"","cookie_button_text":"Allow cookies","purchase_code":"","help_chat":"","show_promotion":false,"show_promotion_code":true,"checkout_logo_image":"shopify:\/\/shop_images\/logo_checkout.png","checkout_logo_size":"small","checkout_accent_color":"#111111","checkout_button_color":"#111111","global_css":"","product_images_style":"radius","font_source":"2","body_bg_color":"rgba(0,0,0,0)","primary_color":"#9c7569","button_secondary_border_color":"#EBEBEB","header_transparent_text_color":"#ffffff","cart_discount_codes":true,"header_full_width":true,"cookie_url":"shopify:\/\/pages\/term-condition","cookie_link_text":"Read more","bf_label":"Continue Shopping","bf_link":"shopify:\/\/products\/knotted-short-skirt","colors_solid_button_labels":"#ffffff","colors_accent_1":"#121212","gradient_accent_1":"","colors_accent_2":"#334fb4","gradient_accent_2":"","colors_text":"#121212","colors_outline_button_labels":"#121212","colors_background_1":"#ffffff","gradient_background_1":"","colors_background_2":"#f3f3f3","gradient_background_2":"","type_header_font":"assistant_n4","heading_scale":100,"type_body_font":"assistant_n4","body_scale":100,"page_width":1200,"spacing_sections":0,"spacing_grid_horizontal":8,"spacing_grid_vertical":8,"buttons_border_thickness":1,"buttons_border_opacity":100,"buttons_radius":0,"buttons_shadow_opacity":0,"buttons_shadow_horizontal_offset":0,"buttons_shadow_vertical_offset":4,"buttons_shadow_blur":5,"variant_pills_border_thickness":1,"variant_pills_border_opacity":55,"variant_pills_radius":40,"variant_pills_shadow_opacity":0,"variant_pills_shadow_horizontal_offset":0,"variant_pills_shadow_vertical_offset":4,"variant_pills_shadow_blur":5,"inputs_border_thickness":1,"inputs_border_opacity":55,"inputs_radius":0,"inputs_shadow_opacity":0,"inputs_shadow_horizontal_offset":0,"inputs_shadow_vertical_offset":4,"inputs_shadow_blur":5,"card_style":"standard","card_image_padding":0,"card_text_alignment":"left","card_color_scheme":"background-2","card_border_thickness":0,"card_border_opacity":10,"card_corner_radius":0,"card_shadow_opacity":0,"card_shadow_horizontal_offset":0,"card_shadow_vertical_offset":4,"card_shadow_blur":5,"collection_card_style":"standard","collection_card_image_padding":0,"collection_card_text_alignment":"left","collection_card_color_scheme":"background-2","collection_card_border_thickness":0,"collection_card_border_opacity":10,"collection_card_corner_radius":0,"collection_card_shadow_opacity":0,"collection_card_shadow_horizontal_offset":0,"collection_card_shadow_vertical_offset":4,"collection_card_shadow_blur":5,"blog_card_style":"standard","blog_card_image_padding":0,"blog_card_text_alignment":"left","blog_card_color_scheme":"background-2","blog_card_border_thickness":0,"blog_card_border_opacity":10,"blog_card_corner_radius":0,"blog_card_shadow_opacity":0,"blog_card_shadow_horizontal_offset":0,"blog_card_shadow_vertical_offset":4,"blog_card_shadow_blur":5,"text_boxes_border_thickness":0,"text_boxes_border_opacity":10,"text_boxes_radius":0,"text_boxes_shadow_opacity":0,"text_boxes_shadow_horizontal_offset":0,"text_boxes_shadow_vertical_offset":4,"text_boxes_shadow_blur":5,"media_border_thickness":1,"media_border_opacity":5,"media_radius":0,"media_shadow_opacity":0,"media_shadow_horizontal_offset":0,"media_shadow_vertical_offset":4,"media_shadow_blur":5,"popup_border_thickness":1,"popup_border_opacity":10,"popup_corner_radius":0,"popup_shadow_opacity":0,"popup_shadow_horizontal_offset":0,"popup_shadow_vertical_offset":4,"popup_shadow_blur":5,"drawer_border_thickness":1,"drawer_border_opacity":10,"drawer_shadow_opacity":0,"drawer_shadow_horizontal_offset":0,"drawer_shadow_vertical_offset":4,"drawer_shadow_blur":5,"badge_position":"bottom left","badge_corner_radius":40,"sale_badge_color_scheme":"accent-2","sold_out_badge_color_scheme":"inverse","accent_icons":"text","predictive_search_enabled":true,"predictive_search_show_vendor":false,"predictive_search_show_price":false,"sections":{"announcement":{"type":"announcement","settings":{"container":"full-width","show_announcement":false,"homepage_only":false,"show_close":false,"show_mobile":false,"text_action":"marquee","bar_font_size":14,"bar_font_weight":500,"bar_uppercase":false,"s_text_time":10,"s_text_spacing":50,"color_scheme":""}},"top-bar":{"type":"top-bar","custom_css":["strong {font-weight: 500;}"],"settings":{"container":"strecth-width","show_topbar":false,"color_scheme":"default-color-scheme","show_mobile":false,"show_phone_number":true,"show_email":true,"show_social":false,"show_country":true,"show_language":true,"show_store_page":true,"show_message":true,"message":"<p>Sign up for 10% off your first order: <a href=\"\/account\/\" title=\"\/account\/\"><span style=\"text-decoration:underline\"><strong>Sign Up<\/strong><\/span><\/a><\/p>"}},"horizontal-menu":{"type":"horizontal-menu","blocks":{"c5b2b061-67e7-4cbb-8714-2c1ee8348b5b":{"type":"menu_item","settings":{"title":"Home","url":"#","open_link":false,"label":"","icon_font":"","icon_width_image":20,"width":"full-width","custom_width":1200}},"81fceee0-ca53-44a4-89ac-51ed3f3907eb":{"type":"menu_item","settings":{"title":"Shop All","url":"shopify:\/\/collections\/shop-all","open_link":false,"label":"label1","icon_font":"","icon_width_image":20,"width":"custom","custom_width":1200}},"c4f1d4e1-02cb-41d5-af80-61dcd17a82e9":{"type":"menu_item","settings":{"title":"Saree","url":"shopify:\/\/collections\/saree","open_link":false,"label":"","icon_font":"","icon_width_image":20,"width":"full-width","custom_width":1200}}},"block_order":["c5b2b061-67e7-4cbb-8714-2c1ee8348b5b","81fceee0-ca53-44a4-89ac-51ed3f3907eb","c4f1d4e1-02cb-41d5-af80-61dcd17a82e9"],"settings":{"m_animation":"up_to_down","label1":"Hot","color_hot":"#ffffff","color_bg_hot":"#d0473e","label2":"New","color_new":"#ffffff","color_bg_new":"#516cf4","label3":"Sale","color_sale":"#ffffff","color_bg_sale":"#d73f0f","width_sub_menu_center":800,"menu_mb_action":true,"menu_mb_category":false,"collection_list_all":true,"collection_list_custom":["saree"]}},"footer-1":{"type":"footer-1","blocks":{"66e258af-c393-4b5c-b25b-057fd161df52":{"type":"about_us","settings":{"title":"","description":"","logo_width":90,"about_description":"","show_address":true,"show_phone":true,"show_email":true,"show_socials_link":true,"enable_follow_on_shop":true,"width":"33%"}},"76e440bc-ed64-49ce-9dd4-1b5b5b46645d":{"type":"menu","settings":{"menu":"","title":"HOT CATEGORIES","width":"16%"}},"dbc96a1f-7b6c-4dba-9ce1-da9cb5dfc9fc":{"type":"menu","settings":{"menu":"","title":"CUSTOMER SERVICE","width":"16%"}},"41564fc0-b120-4800-8be9-86cdbe058460":{"type":"newsletter","settings":{"sub_title":"","title":"SIGN UP TO NEWSLETTER","description":"<p>Enter your email address to get $10 off your first order and free shipping. Updates information on Sales and Offers.<\/p>","email_placeholder":"Enter your email...","email_btn_label":"subscribe","design_newletter":"default","show_social":false,"style_light":false,"width":"33%"}}},"block_order":["66e258af-c393-4b5c-b25b-057fd161df52","76e440bc-ed64-49ce-9dd4-1b5b5b46645d","dbc96a1f-7b6c-4dba-9ce1-da9cb5dfc9fc","41564fc0-b120-4800-8be9-86cdbe058460"],"custom_css":[".bls__footer_block-title {font-family: var(--base-font-family);}",".bls__footer-logo {margin-bottom: clamp(2rem, 2.8vw, 2.4rem);}"],"settings":{"container":"container-fluid","back_to_top":false,"show_border_top":false,"show_border_top_inner":true,"has_bg":false,"remove_on_homepage":false,"remove_on_inner_page":false,"copyright":"<p>©Seela Designs. All Rights Reserved<\/p>","show_country":false,"show_language":false,"image_payment":"shopify:\/\/shop_images\/trust.png","payment_icons_width":331,"show_social_links":false,"footer-heading-size":14,"color_scheme":"scheme-76201616-9b79-4532-91fe-d7578a4bd12d"}},"vertical-menu":{"type":"vertical-menu","blocks":{"89b90c3f-dec1-4fb5-b2f5-5cce0546d0d2":{"type":"menu_item","settings":{"title":"Mega Menu","url":"","open_link":false,"label":"","icon_width_image":20,"icon_font":"","custom_width":1200,"col_banner_left":"4","col_banner_right":"4"}},"252da4e8-bd66-490f-87a3-67833453329d":{"type":"link","settings":{"title":"Heading","url":"","open_link":false,"menu":"footer","col":"4"}},"d3e68680-5a0b-45d8-999c-417a401a9790":{"type":"banner","settings":{"title":"Heading","button_title":"Button Text","banner_link":"shopify:\/\/collections\/collections1","open_link":false,"col":"4"}},"7889d16a-634c-48df-aa5f-7ecfa481f818":{"type":"dropdown","settings":{"title":"Dropdown","url":"","menu":"main-menu","open_link":false,"label":"","icon_font":"","icon_width_image":50}}},"block_order":["89b90c3f-dec1-4fb5-b2f5-5cce0546d0d2","252da4e8-bd66-490f-87a3-67833453329d","d3e68680-5a0b-45d8-999c-417a401a9790","7889d16a-634c-48df-aa5f-7ecfa481f818"],"settings":{"enable":true,"title":"Shop by category","limit_show_item":10,"animation":"down_to_up","label1":"Hot","label2":"New","label3":"Sale"}},"custom-colors":{"type":"custom-colors","blocks":{"39c002c6-a311-4d27-9a1c-18ee73bf8fb2":{"type":"color","settings":{"color_name":"Purple Light","color_code":"#c3b1e1"}},"8c942bd5-d81f-45a8-8f3a-52476724911b":{"type":"color","settings":{"color_name":"Green","color_code":"#7abdb5"}},"d0549bcc-1ca2-4876-a6a2-44990ff960ae":{"type":"color","settings":{"color_name":"Blue","color_code":"#3f8ad1"}},"0fa4f211-5f8c-4479-b34a-79b2cbdcbb24":{"type":"color","settings":{"color_name":"Yellow","color_code":"#e2c28f"}},"b9fda091-7c72-4838-a759-21a42584ec30":{"type":"color","settings":{"color_name":"Light yellow","color_code":"#ecdebf"}},"d36ae270-68d1-421f-9447-0e21c3bafc7d":{"type":"color","settings":{"color_name":"Purple","color_code":"#d7b2bb"}},"d96c2d21-33d0-462b-90dd-6d4199ddb0a4":{"type":"color","settings":{"color_name":"Pink","color_code":"#fcd1db"}},"e00eeac1-ed3d-42b6-b578-4d6885a1b5c4":{"type":"color","settings":{"color_name":"Red","color_code":"#ce2e2e"}},"f228bd9f-253f-42cf-ace5-9073a7c4b51f":{"type":"color","settings":{"color_name":"Teal","color_code":"#008080"}},"782ec2d0-8ca8-49b6-a7e4-582a8c0c6d80":{"type":"color","settings":{"color_name":"Light Blue","color_code":"#a9c0e0"}},"d7655708-3909-433b-a9d1-443e7fa8bbf4":{"type":"color","settings":{"color_name":"Brown","color_code":"#7b4b39"}}},"block_order":["39c002c6-a311-4d27-9a1c-18ee73bf8fb2","8c942bd5-d81f-45a8-8f3a-52476724911b","d0549bcc-1ca2-4876-a6a2-44990ff960ae","0fa4f211-5f8c-4479-b34a-79b2cbdcbb24","b9fda091-7c72-4838-a759-21a42584ec30","d36ae270-68d1-421f-9447-0e21c3bafc7d","d96c2d21-33d0-462b-90dd-6d4199ddb0a4","e00eeac1-ed3d-42b6-b578-4d6885a1b5c4","f228bd9f-253f-42cf-ace5-9073a7c4b51f","782ec2d0-8ca8-49b6-a7e4-582a8c0c6d80","d7655708-3909-433b-a9d1-443e7fa8bbf4"],"settings":{}},"mobile-stickybar":{"type":"mobile-stickybar","settings":{"enable_mobile_stickybar":true,"show_home":true,"show_cart":true,"show_products_all":true,"show_wishlist":true,"show_my_account":true}},"footer-2":{"type":"footer-2","blocks":{"3f0786f1-5e61-4b65-a504-9e1dd0adaaef":{"type":"about_us","settings":{"title":"","description":"","logo_width":84,"about_description":"","show_address":true,"show_phone":true,"show_email":true,"show_socials_link":true,"enable_follow_on_shop":true,"width":"33%"}},"a6587b7e-fd90-47dd-853f-67dc3ca39d4e":{"type":"menu","settings":{"menu":"","title":"About Our Brand","width":"16%"}},"c119ba5b-4f94-4d3b-a545-1e40894b689b":{"type":"menu","settings":{"menu":"","title":"Customer Service","width":"16%"}}},"block_order":["3f0786f1-5e61-4b65-a504-9e1dd0adaaef","a6587b7e-fd90-47dd-853f-67dc3ca39d4e","c119ba5b-4f94-4d3b-a545-1e40894b689b"],"settings":{"container":"container-fluid","back_to_top":true,"show_border_top":false,"show_border_top_inner":true,"has_bg":false,"remove_on_homepage":false,"remove_on_inner_page":false,"copyright":"<p>© Seela Designs<br\/><a href=\"\/policies\/terms-of-service\" title=\"Terms of Service\">Terms & Conditions |<\/a><a href=\"\/policies\/shipping-policy\" title=\"Shipping Policy\">Shipping Policy | <\/a><a href=\"\/policies\/privacy-policy\" title=\"Privacy Policy\">Privacy Policy |<\/a><a href=\"\/policies\/contact-information\" title=\"Contact Information\">Contact us<\/a><\/p>","show_country":false,"show_language":false,"image_payment":"shopify:\/\/shop_images\/trust.png","payment_icons_width":300,"show_social_links":false,"footer-heading-size":18,"color_scheme":""}},"marquee":{"type":"marquee","blocks":{"text_MmBYAV":{"type":"text","settings":{"new_text":"Welcome to store"}},"text_h4wKyt":{"type":"text","settings":{"new_text":"Welcome Seela Designs"}}},"block_order":["text_MmBYAV","text_h4wKyt"],"settings":{"colorBackground":"#44d3e2","colorText":"#ffffff","link":"","marquee_height":36,"font_size":16}}},"content_for_index":[],"color_schemes":{"default-color-scheme":{"settings":{"body_bg_color":"#ffffff","background_gradient":"","primary_color":"#9c7569","text_color":"#555555","heading_color":"#111111","link_color":"#111111","link_hover_color":"#555555","border_color":"#ebebeb","button_primary_color":"#ffffff","button_primary_background_color":"#111111","button_primary_hover_color":"#ffffff","button_primary_hover_background_color":"#111111","button_secondary_color":"#111111","button_secondary_border_color":"#dedede","button_secondary_background_color":"#ffffff","button_secondary_hover_color":"#ffffff","button_secondary_hover_background_color":"#111111","button_link_color":"#111111","button_link_hover_color":"#555555"}},"scheme-6de5e490-9ebf-4111-bce7-840b2d9c6f4c":{"settings":{"body_bg_color":"#ffffff","background_gradient":"","primary_color":"#dd3327","text_color":"#555555","heading_color":"#111111","link_color":"#111111","link_hover_color":"#555555","border_color":"#ebebeb","button_primary_color":"#f18800","button_primary_background_color":"#ffffff","button_primary_hover_color":"#ffffff","button_primary_hover_background_color":"#111111","button_secondary_color":"#111111","button_secondary_border_color":"#dedede","button_secondary_background_color":"#ffffff","button_secondary_hover_color":"#ffffff","button_secondary_hover_background_color":"#111111","button_link_color":"#111111","button_link_hover_color":"#555555"}},"scheme-b808185a-cae7-47ba-9fe9-7d81ddf7e485":{"settings":{"body_bg_color":"rgba(0,0,0,0)","background_gradient":"","primary_color":"#dd3327","text_color":"#ffffff","heading_color":"#ffffff","link_color":"#111111","link_hover_color":"#555555","border_color":"#ebebeb","button_primary_color":"#111111","button_primary_background_color":"#ffffff","button_primary_hover_color":"#111111","button_primary_hover_background_color":"#ffffff","button_secondary_color":"#111111","button_secondary_border_color":"#dedede","button_secondary_background_color":"#ffffff","button_secondary_hover_color":"#ffffff","button_secondary_hover_background_color":"#111111","button_link_color":"#111111","button_link_hover_color":"#555555"}},"scheme-013ccfbf-beb5-42e6-bc8f-8a36ab634ca7":{"settings":{"body_bg_color":"#f5f5f5","background_gradient":"","primary_color":"#dd3327","text_color":"#555555","heading_color":"#111111","link_color":"#111111","link_hover_color":"#555555","border_color":"#ebebeb","button_primary_color":"#ffffff","button_primary_background_color":"#111111","button_primary_hover_color":"#ffffff","button_primary_hover_background_color":"#111111","button_secondary_color":"#111111","button_secondary_border_color":"#dedede","button_secondary_background_color":"#ffffff","button_secondary_hover_color":"#ffffff","button_secondary_hover_background_color":"#111111","button_link_color":"#111111","button_link_hover_color":"#555555"}},"scheme-735c978e-d3b7-474f-a3f7-562370446399":{"settings":{"body_bg_color":"#303e39","background_gradient":"","primary_color":"#dd3327","text_color":"#ffdb77","heading_color":"#ffffff","link_color":"#111111","link_hover_color":"#555555","border_color":"#ebebeb","button_primary_color":"#ffffff","button_primary_background_color":"#111111","button_primary_hover_color":"#ffffff","button_primary_hover_background_color":"#111111","button_secondary_color":"#111111","button_secondary_border_color":"#dedede","button_secondary_background_color":"#ffffff","button_secondary_hover_color":"#ffffff","button_secondary_hover_background_color":"#111111","button_link_color":"#111111","button_link_hover_color":"#555555"}},"scheme-cdad2881-e610-44b4-8e2f-e906f6a5f790":{"settings":{"body_bg_color":"#c3360a","background_gradient":"","primary_color":"#dd3327","text_color":"#555555","heading_color":"#ffffff","link_color":"#111111","link_hover_color":"#555555","border_color":"#ebebeb","button_primary_color":"#ffffff","button_primary_background_color":"#111111","button_primary_hover_color":"#ffffff","button_primary_hover_background_color":"#111111","button_secondary_color":"#111111","button_secondary_border_color":"#dedede","button_secondary_background_color":"#ffffff","button_secondary_hover_color":"#ffffff","button_secondary_hover_background_color":"#111111","button_link_color":"#111111","button_link_hover_color":"#555555"}},"scheme-a7934d7b-8af4-45c2-aba0-0f889cae386b":{"settings":{"body_bg_color":"#111111","background_gradient":"","primary_color":"#dd3327","text_color":"#f8ba26","heading_color":"#f8ba26","link_color":"#111111","link_hover_color":"#555555","border_color":"#ebebeb","button_primary_color":"#ffffff","button_primary_background_color":"#111111","button_primary_hover_color":"#ffffff","button_primary_hover_background_color":"#111111","button_secondary_color":"#111111","button_secondary_border_color":"#dedede","button_secondary_background_color":"#ffffff","button_secondary_hover_color":"#ffffff","button_secondary_hover_background_color":"#111111","button_link_color":"#111111","button_link_hover_color":"#555555"}},"scheme-4e2829e1-a162-4726-850f-b9f27dd45db4":{"settings":{"body_bg_color":"#d73f0f","background_gradient":"","primary_color":"#dd3327","text_color":"#ffffff","heading_color":"#111111","link_color":"#111111","link_hover_color":"#555555","border_color":"#ebebeb","button_primary_color":"#ffffff","button_primary_background_color":"#111111","button_primary_hover_color":"#ffffff","button_primary_hover_background_color":"#111111","button_secondary_color":"#111111","button_secondary_border_color":"#dedede","button_secondary_background_color":"#ffffff","button_secondary_hover_color":"#ffffff","button_secondary_hover_background_color":"#111111","button_link_color":"#111111","button_link_hover_color":"#555555"}},"scheme-6616aa44-7b5e-4f3f-9afe-860805c889bb":{"settings":{"body_bg_color":"#111111","background_gradient":"","primary_color":"#dd3327","text_color":"#999999","heading_color":"#111111","link_color":"#555555","link_hover_color":"#ffffff","border_color":"#ebebeb","button_primary_color":"#ffffff","button_primary_background_color":"#111111","button_primary_hover_color":"#ffffff","button_primary_hover_background_color":"#111111","button_secondary_color":"#111111","button_secondary_border_color":"#dedede","button_secondary_background_color":"#ffffff","button_secondary_hover_color":"#ffffff","button_secondary_hover_background_color":"#111111","button_link_color":"#111111","button_link_hover_color":"#555555"}},"scheme-76201616-9b79-4532-91fe-d7578a4bd12d":{"settings":{"body_bg_color":"#ffffff","background_gradient":"","primary_color":"#9c7569","text_color":"#555555","heading_color":"#111111","link_color":"#555555","link_hover_color":"#111111","border_color":"#ebebeb","button_primary_color":"#ffffff","button_primary_background_color":"#111111","button_primary_hover_color":"#ffffff","button_primary_hover_background_color":"#111111","button_secondary_color":"#111111","button_secondary_border_color":"#dedede","button_secondary_background_color":"#ffffff","button_secondary_hover_color":"#ffffff","button_secondary_hover_background_color":"#111111","button_link_color":"#111111","button_link_hover_color":"#555555"}},"scheme-3fba00bc-78b2-4295-bd36-53c7b7ed1388":{"settings":{"body_bg_color":"#fbf0bc","background_gradient":"","primary_color":"#d73f0f","text_color":"#555555","heading_color":"#111111","link_color":"#111111","link_hover_color":"#555555","border_color":"#ebebeb","button_primary_color":"#ffffff","button_primary_background_color":"#111111","button_primary_hover_color":"#ffffff","button_primary_hover_background_color":"#111111","button_secondary_color":"#d73f0f","button_secondary_border_color":"#dedede","button_secondary_background_color":"#ffffff","button_secondary_hover_color":"#ffffff","button_secondary_hover_background_color":"#111111","button_link_color":"#d73f0f","button_link_hover_color":"#555555"}},"scheme-4618b765-618d-4d86-887a-7e9dde3f2832":{"settings":{"body_bg_color":"#ffffff","background_gradient":"","primary_color":"#9c7569","text_color":"#555555","heading_color":"#111111","link_color":"#111111","link_hover_color":"#555555","border_color":"#ebebeb","button_primary_color":"#ffffff","button_primary_background_color":"#111111","button_primary_hover_color":"#ffffff","button_primary_hover_background_color":"#111111","button_secondary_color":"#111111","button_secondary_border_color":"#dedede","button_secondary_background_color":"#ffffff","button_secondary_hover_color":"#ffffff","button_secondary_hover_background_color":"#111111","button_link_color":"#111111","button_link_hover_color":"#555555"}},"scheme-710a19fd-b6f0-49b3-8276-ba2c4c3ced9c":{"settings":{"body_bg_color":"#ffffff","background_gradient":"","primary_color":"#f18800","text_color":"#555555","heading_color":"#111111","link_color":"#111111","link_hover_color":"#555555","border_color":"#ebebeb","button_primary_color":"#ffffff","button_primary_background_color":"#111111","button_primary_hover_color":"#ffffff","button_primary_hover_background_color":"#111111","button_secondary_color":"#111111","button_secondary_border_color":"#dedede","button_secondary_background_color":"#ffffff","button_secondary_hover_color":"#ffffff","button_secondary_hover_background_color":"#111111","button_link_color":"#111111","button_link_hover_color":"#555555"}}}},"presets":{"Default":{"colors_solid_button_labels":"#ffffff","colors_accent_1":"#121212","gradient_accent_1":"","colors_accent_2":"#334fb4","gradient_accent_2":"","colors_text":"#121212","colors_outline_button_labels":"#121212","colors_background_1":"#ffffff","gradient_background_1":"","colors_background_2":"#f3f3f3","gradient_background_2":"","type_header_font":"assistant_n4","heading_scale":100,"type_body_font":"assistant_n4","body_scale":100,"page_width":1200,"spacing_sections":0,"spacing_grid_horizontal":8,"spacing_grid_vertical":8,"buttons_border_thickness":1,"buttons_border_opacity":100,"buttons_radius":0,"buttons_shadow_opacity":0,"buttons_shadow_horizontal_offset":0,"buttons_shadow_vertical_offset":4,"buttons_shadow_blur":5,"variant_pills_border_thickness":1,"variant_pills_border_opacity":55,"variant_pills_radius":40,"variant_pills_shadow_opacity":0,"variant_pills_shadow_horizontal_offset":0,"variant_pills_shadow_vertical_offset":4,"variant_pills_shadow_blur":5,"inputs_border_thickness":1,"inputs_border_opacity":55,"inputs_radius":0,"inputs_shadow_opacity":0,"inputs_shadow_horizontal_offset":0,"inputs_shadow_vertical_offset":4,"inputs_shadow_blur":5,"card_style":"standard","card_image_padding":0,"card_text_alignment":"left","card_color_scheme":"background-2","card_border_thickness":0,"card_border_opacity":10,"card_corner_radius":0,"card_shadow_opacity":0,"card_shadow_horizontal_offset":0,"card_shadow_vertical_offset":4,"card_shadow_blur":5,"collection_card_style":"standard","collection_card_image_padding":0,"collection_card_text_alignment":"left","collection_card_color_scheme":"background-2","collection_card_border_thickness":0,"collection_card_border_opacity":10,"collection_card_corner_radius":0,"collection_card_shadow_opacity":0,"collection_card_shadow_horizontal_offset":0,"collection_card_shadow_vertical_offset":4,"collection_card_shadow_blur":5,"blog_card_style":"standard","blog_card_image_padding":0,"blog_card_text_alignment":"left","blog_card_color_scheme":"background-2","blog_card_border_thickness":0,"blog_card_border_opacity":10,"blog_card_corner_radius":0,"blog_card_shadow_opacity":0,"blog_card_shadow_horizontal_offset":0,"blog_card_shadow_vertical_offset":4,"blog_card_shadow_blur":5,"text_boxes_border_thickness":0,"text_boxes_border_opacity":10,"text_boxes_radius":0,"text_boxes_shadow_opacity":0,"text_boxes_shadow_horizontal_offset":0,"text_boxes_shadow_vertical_offset":4,"text_boxes_shadow_blur":5,"media_border_thickness":1,"media_border_opacity":5,"media_radius":0,"media_shadow_opacity":0,"media_shadow_horizontal_offset":0,"media_shadow_vertical_offset":4,"media_shadow_blur":5,"popup_border_thickness":1,"popup_border_opacity":10,"popup_corner_radius":0,"popup_shadow_opacity":0,"popup_shadow_horizontal_offset":0,"popup_shadow_vertical_offset":4,"popup_shadow_blur":5,"drawer_border_thickness":1,"drawer_border_opacity":10,"drawer_shadow_opacity":0,"drawer_shadow_horizontal_offset":0,"drawer_shadow_vertical_offset":4,"drawer_shadow_blur":5,"badge_position":"bottom left","badge_corner_radius":40,"sale_badge_color_scheme":"accent-2","sold_out_badge_color_scheme":"inverse","accent_icons":"text","social_twitter_link":"","social_facebook_link":"","social_pinterest_link":"","social_instagram_link":"","social_tiktok_link":"","social_tumblr_link":"","social_snapchat_link":"","social_youtube_link":"","social_vimeo_link":"","predictive_search_enabled":true,"predictive_search_show_vendor":false,"predictive_search_show_price":false,"currency_code_enabled":true}},"platform_customizations":{"custom_css":["body {--tab-size: 1.3rem;}","@media (min-width: 992px) {body {--btn-padding: 1.6rem 6.5rem; }}",".bls__product-type,.bls__product-vendor a {text-transform: uppercase; font-size: 12px;}",".desc-quote-info {font-size: clamp(2.4rem, 3.2vw, 3rem); font-family: var(--heading-font-family); line-height: 1.7; margin-bottom: 2.5rem;}","body .label-depend-on-button .bls__product-label > div,body .label-depend-on-button .bls__product-label {border-radius: 5px;}",".filter-title {line-height: normal;}"]}}