{"sections":{"cart-items":{"type":"main-cart-items","settings":{"container":"container","cart_security_image":"shopify:\/\/shop_images\/payment_update.png","image_width":313}},"e4b99169-e9de-4b16-b3a2-83110494262e":{"type":"spacing","settings":{"spacing_desktop":100,"spacing_moible":60}},"86b976e3-989f-424a-ad33-64172fbc24fc":{"type":"divider","settings":{"container":"container","border_height":1,"border_color":"#ebebeb","padding_top":0,"padding_bottom":0,"reset_spacing":false}},"b5b94f3e-3ab2-4ffb-a51c-4579fff22096":{"type":"products-recently-viewed","settings":{"heading_logo_svg":"","heading":"People Also Bought","description":"<p>Here’s some of our most similar products people are buying. Click to discover trending style.<\/p>","text_alignment":"text-center","container":"container","color_scheme":"","limit_products":6,"item_desktop":4,"column_gap":30,"carousel_autoplay":false,"carousel_loop":false,"carousel_arrows":false,"carousel_pagination":"carousel_none","padding_top":0,"padding_bottom":0,"reset_spacing":false}}},"order":["cart-items","e4b99169-e9de-4b16-b3a2-83110494262e","86b976e3-989f-424a-ad33-64172fbc24fc","b5b94f3e-3ab2-4ffb-a51c-4579fff22096"]}