{"sections":{"main-collection-heading":{"type":"main-collection-heading","blocks":{"f06a38ad-a426-42c0-a5ff-48ae0218618e":{"type":"1","settings":{"text_fs":45}}},"block_order":["f06a38ad-a426-42c0-a5ff-48ae0218618e"],"settings":{"container":"container","color_scheme":"scheme-b808185a-cae7-47ba-9fe9-7d81ddf7e485","show_banner":true,"use_collection_image":true,"min_height":200,"parallax":true,"show_overlay":true,"overlay":54,"design":"text-overlay-image","text_postion":"text-center"}},"8498460c-0376-40d1-bafc-199edbe0edfc":{"type":"collection-list","blocks":{"template--16567751475447__8498460c-0376-40d1-bafc-199edbe0edfc-16665857567f9937b1-0":{"type":"collection_item","settings":{"title_collection":"","collection":"kurta"}},"template--16567751475447__8498460c-0376-40d1-bafc-199edbe0edfc-16665857567f9937b1-1":{"type":"collection_item","settings":{"title_collection":"","collection":"saree"}},"template--16567751475447__8498460c-0376-40d1-bafc-199edbe0edfc-16665857567f9937b1-2":{"type":"collection_item","settings":{"title_collection":"","collection":"thavani"}}},"block_order":["template--16567751475447__8498460c-0376-40d1-bafc-199edbe0edfc-16665857567f9937b1-0","template--16567751475447__8498460c-0376-40d1-bafc-199edbe0edfc-16665857567f9937b1-1","template--16567751475447__8498460c-0376-40d1-bafc-199edbe0edfc-16665857567f9937b1-2"],"settings":{"heading_logo_svg":"","heading":"","description":"","text_alignment":"text-center","container":"container-fluid","color_scheme":"","design_layout":"carousel","design_collection":"design-1","hover_effect":"zoom","show_count_product":false,"custom_width_images":false,"width_image":200,"images_style":false,"image_ratio":"3\/4","custom_ratio":"21:9","custom_column":5,"column_gap":30,"collection_font_size":16,"collection_font_weight":500,"collection_spacing":0,"count_font_size":14,"count_font_weight":400,"autoplay":false,"loop":false,"show_arrow":false,"carousel_pagination":"carousel_none","reveal_on_scroll":false,"padding_top":0,"padding_bottom":0,"reset_spacing":true}},"439e38df-206c-40a8-9cd5-fc0e5f00f9d3":{"type":"spacing","settings":{"spacing_desktop":30,"spacing_moible":10}},"product-grid":{"type":"main-collection-product","blocks":{"35c81196-1f20-4b1d-98e4-1bea284fe6d7":{"type":"categories","settings":{"title":"Category","menu":""}},"3b46edaf-55ef-46a8-b8fe-a6eb39ade3a8":{"type":"filter_by_dynamic","settings":{}},"2039056a-3cc3-4534-a522-d35bdfbaef6c":{"type":"popular_product","settings":{"title":"Featured Product","collection":"sweaters","type_product":"list","maximum":3}},"8fe431f8-91f7-4b21-a605-4b55df7293e1":{"type":"image_banner","settings":{"url":"shopify:\/\/products\/colorful-wind-coats","open_link":false}}},"block_order":["35c81196-1f20-4b1d-98e4-1bea284fe6d7","3b46edaf-55ef-46a8-b8fe-a6eb39ade3a8","2039056a-3cc3-4534-a522-d35bdfbaef6c","8fe431f8-91f7-4b21-a605-4b55df7293e1"],"settings":{"container":"container-fluid","enable_list_view":false,"products_column":3,"number_products_grid":12,"number_products_list":4,"pagination":"infinit_scrolling","product_page_count":true,"product_sort_options":true,"progress_bar":true,"enable_sidebar":true,"sidebar_position":"left_sidebar","show_count":true}},"sub-collection":{"type":"sub-collection","settings":{"heading":"","description":"<p><\/p>","text_alignment":"text-center","container":"container","color_scheme":"","design_layout":"carousel","design_collection":"design-1","hover_effect":"zoom","show_count_product":true,"hide_image_collection":false,"collection_center":false,"custom_width_images":false,"width_image":200,"images_style":"square","image_ratio":"3\/4","custom_ratio":"21:9","custom_column":6,"column_gap":30,"collection_font_size":16,"collection_font_weight":500,"collection_spacing":0,"count_font_size":14,"count_font_weight":400,"autoplay":false,"loop":false,"show_arrow":false,"carousel_pagination":"carousel_none","reveal_on_scroll":false,"padding_top":0,"padding_bottom":0,"reset_spacing":false}}},"order":["main-collection-heading","8498460c-0376-40d1-bafc-199edbe0edfc","439e38df-206c-40a8-9cd5-fc0e5f00f9d3","product-grid","sub-collection"]}