{"sections":{"0c521c75-5d82-4dd6-aecc-f519d8907411":{"type":"slideshow","blocks":{"slider_item_Am4TMQ":{"type":"slider_item","settings":{"video_local":"shopify:\/\/files\/videos\/bg cover vid.mp4","content_box":"content_in_container","content_custom_width":true,"content_width":50,"content_background_color":"","content_opacity":100,"horizontal_position":"left_position","vertical_position":"middle_position","slider_effect":"effect_fadeindown","text_alignment":"center","text_alignment_on_mobile":"center","subheading":"","title":"BEAUTIFULLY CRAFTED HANDLOOM SAREES","description":"","image_link":"shopify:\/\/collections","button_text":"Shop now","button_type":"secondary"}},"4d89f9ff-8153-4b4a-a089-ccb19f702450":{"type":"slider_item","settings":{"image":"shopify:\/\/shop_images\/heyyy.webp","image_mobile":"shopify:\/\/shop_images\/mob_ss.webp","content_box":"content_in_container_fullwidth","content_custom_width":false,"content_width":100,"content_background_color":"","content_opacity":100,"horizontal_position":"center_position","vertical_position":"middle_position","slider_effect":"effect_fadeinup","text_alignment":"center","text_alignment_on_mobile":"center","subheading":"","title":"The New <br>\nEngineered Jewelry","description":"<p>Discover the pieces of your dreams. Inspired by Greek Shields.<\/p>","image_link":"shopify:\/\/collections\/earrings","button_text":"shop now","button_type":"primary"}}},"block_order":["slider_item_Am4TMQ","4d89f9ff-8153-4b4a-a089-ccb19f702450"],"settings":{"container":"full-width","slide_height":"full_screen","color_scheme":"scheme-b808185a-cae7-47ba-9fe9-7d81ddf7e485","image_behavior":"none","eb_vertical_menu":false,"height_dk":850,"height_tb":650,"height_mb":400,"heading_font_size":"64","heading_font_weight":"400","subheading_font_size":"14","subheading_font_weight":"500","description_font_size":"16","description_font_weight":"400","design":"s-text-overlay-image","reset_color_mb":false,"show_arrow_desktop":false,"show_arrow_mobile":false,"show_bullet_desktop":false,"show_bullet_mobile":false,"autoplay":false,"autorotate_speed":7,"enable_effect":false,"padding_top":0,"padding_bottom":0,"reset_spacing":false}},"tuzz_menu_pRTMmr":{"type":"Tuzz-Menu","blocks":{"collection_NFttmw":{"type":"collection","settings":{"single_cat":"saree","collection_name":""}},"collection_7b3Emp":{"type":"collection","settings":{"single_cat":"thavani","collection_name":""}},"collection_EbgMzy":{"type":"collection","settings":{"single_cat":"kurta","collection_name":""}},"collection_nKtEXa":{"type":"collection","settings":{"single_cat":"shop-all","collection_name":""}}},"block_order":["collection_NFttmw","collection_7b3Emp","collection_EbgMzy","collection_nKtEXa"],"disabled":true,"settings":{}},"collection_list_iR9q7Y":{"type":"collection-list","blocks":{"collection_item_7LgadG":{"type":"collection_item","settings":{"title_collection":"","collection":"saree"}},"collection_item_bPdQGk":{"type":"collection_item","settings":{"title_collection":"","collection":"thavani"}},"collection_item_tEmBP8":{"type":"collection_item","settings":{"title_collection":"","collection":"kurta"}},"collection_item_r38V6m":{"type":"collection_item","settings":{"title_collection":"","collection":"lehanga"}}},"block_order":["collection_item_7LgadG","collection_item_bPdQGk","collection_item_tEmBP8","collection_item_r38V6m"],"disabled":true,"settings":{"heading_logo_svg":"","heading":"","description":"","text_alignment":"text-center","container":"container","color_scheme":"","design_layout":"carousel","design_collection":"design-3","hover_effect":"zoom","show_count_product":false,"custom_width_images":false,"width_image":200,"images_style":true,"image_ratio":"1\/1","custom_ratio":"1:1","custom_column":6,"column_gap":30,"collection_font_size":16,"collection_font_weight":500,"collection_spacing":0,"count_font_size":14,"count_font_weight":400,"autoplay":false,"loop":false,"show_arrow":false,"carousel_pagination":"carousel_bullets","reveal_on_scroll":true,"padding_top":0,"padding_bottom":0,"reset_spacing":false}},"shopable_video_PxixPh":{"type":"shopable-video","blocks":{"video_d4mLMb":{"type":"video","settings":{"video_local":"shopify:\/\/files\/videos\/aa0624.mp4","product_item":"tavani"}},"video_AgP8xe":{"type":"video","settings":{"video_local":"shopify:\/\/files\/videos\/0624(4).mp4","product_item":"green-saree"}},"video_TJrjDV":{"type":"video","settings":{"video_local":"shopify:\/\/files\/videos\/vid-6.mp4","product_item":"kurta"}},"video_ijNWpw":{"type":"video","settings":{"video_local":"shopify:\/\/files\/videos\/vid-2.mp4","product_item":""}},"video_jPqW6f":{"type":"video","settings":{"video_local":"shopify:\/\/files\/videos\/vid-4.mp4","product_item":""}}},"block_order":["video_d4mLMb","video_AgP8xe","video_TJrjDV","video_ijNWpw","video_jPqW6f"],"settings":{"heading_logo_svg":"","heading":"Shop My Looks","description":"","text_alignment":"text-center","container":"container-fluid","color_scheme":"","section_type":"carousel","custom_column":4,"column_gap":30,"aspect_ratio":"custom_aspect_ratio","custom_ratio":"9:16","carousel_autoplay":true,"carousel_arrows":false,"carousel_loop":true,"carousel_pagination":"carousel_none","padding_top":0,"padding_bottom":0,"reset_spacing":false}},"collection_list_ARE7pL":{"type":"collection-list","blocks":{"collection_item_CF6Cic":{"type":"collection_item","settings":{"title_collection":"","collection":"saree"}},"collection_item_AkY6mg":{"type":"collection_item","settings":{"title_collection":"","collection":"lehanga"}},"collection_item_zqUbtW":{"type":"collection_item","settings":{"title_collection":"","collection":"kurta"}},"collection_item_fggT83":{"type":"collection_item","settings":{"title_collection":"","collection":"thavani","image":"shopify:\/\/shop_images\/WhatsApp_Image_2024-06-24_at_12.19.43_PM.jpg"}}},"block_order":["collection_item_CF6Cic","collection_item_AkY6mg","collection_item_zqUbtW","collection_item_fggT83"],"settings":{"heading_logo_svg":"","heading":"Collections","description":"<p>Here’s some of our most popular products people are in love with.<\/p>","text_alignment":"text-center","container":"container-fluid","color_scheme":"default-color-scheme","design_layout":"grid","design_collection":"design-1","hover_effect":"zoom","show_count_product":false,"custom_width_images":true,"width_image":200,"images_style":false,"image_ratio":"custom","custom_ratio":"9:16","custom_column":5,"column_gap":10,"collection_font_size":20,"collection_font_weight":400,"collection_spacing":0,"count_font_size":14,"count_font_weight":400,"autoplay":true,"loop":false,"show_arrow":false,"carousel_pagination":"carousel_none","reveal_on_scroll":true,"padding_top":0,"padding_bottom":0,"reset_spacing":false}},"5f065e59-5fbd-4f35-8f39-6d1f5afac865":{"type":"collection-tab","blocks":{"template--19110618104105__5f065e59-5fbd-4f35-8f39-6d1f5afac865-1684984045538914b8-0":{"type":"collection","settings":{"title":"Show all","collection":"shop-all"}},"87dc7103-d095-4f4e-8fc7-1f7cdacfe08c":{"type":"collection","settings":{"title":"","collection":"saree"}},"template--19110618104105__5f065e59-5fbd-4f35-8f39-6d1f5afac865-1684984045538914b8-1":{"type":"collection","settings":{"title":"","collection":"kurta"}},"6c415d32-2bc7-4eb9-8840-0a96663bb905":{"type":"collection","settings":{"title":"","collection":"lehanga"}},"64f1c6c8-465c-48cd-88e6-c3018ead76cd":{"type":"collection","settings":{"title":"","collection":"thavani"}}},"block_order":["template--19110618104105__5f065e59-5fbd-4f35-8f39-6d1f5afac865-1684984045538914b8-0","87dc7103-d095-4f4e-8fc7-1f7cdacfe08c","template--19110618104105__5f065e59-5fbd-4f35-8f39-6d1f5afac865-1684984045538914b8-1","6c415d32-2bc7-4eb9-8840-0a96663bb905","64f1c6c8-465c-48cd-88e6-c3018ead76cd"],"custom_css":[".tab-desgin-2 .bls__collection-tab-item:not(.active):not(:hover) {color: #999999;}"],"settings":{"heading_logo_svg":"","heading":"Now Trending","description":"","text_alignment":"text-center","container":"container-fluid","color_scheme":"default-color-scheme","tab_design":"horizontal","tab_style":"tab_desgin_4","tab_type":"grid","limit_products":8,"item_desktop":4,"column_gap":30,"carousel_autoplay":false,"carousel_loop":false,"carousel_arrows":false,"carousel_pagination":"carousel_none","number_of_rows":1,"load_more_button_enable":true,"button_action":"load","button_label":"Load more","button_type":"primary","padding_top":0,"padding_bottom":0,"reset_spacing":false}},"6974547b-ad71-482a-b14c-f6b4c1b74363":{"type":"banner-with-text","blocks":{"be9e504e-603e-4cbd-838c-18220cd274cf":{"type":"text","settings":{"txt_content":"<p>Deal of the week<\/p>","txt_fs":14,"txt_fw":"400","txt_tf":"uppercase","txt_mt":0,"txt_mb":20}},"template--16567751082231__6974547b-ad71-482a-b14c-f6b4c1b74363-1676106240ff35c35a-0":{"type":"heading","settings":{"title":"Exclusively for You","heading_fs":40,"heading_fw":"400","heading_tf":"unset","heading_mt":0,"heading_mb":10}},"template--16567751082231__6974547b-ad71-482a-b14c-f6b4c1b74363-1676106240ff35c35a-1":{"type":"text","settings":{"txt_content":"<p>Our sizzling hot deals that are guaranteed to set your shopping experience ablaze!<\/p>","txt_fs":16,"txt_fw":"400","txt_tf":"unset","txt_mt":1,"txt_mb":45}},"template--16567751082231__6974547b-ad71-482a-b14c-f6b4c1b74363-1676106240ff35c35a-2":{"type":"buttons","settings":{"btn_content":"Shop Now","button_type":"primary","button_link":"","button_target":false,"b_mt":1,"b_mb":15}},"d803b512-f292-4282-8c9c-a9387b341db7":{"type":"countdown_bn","settings":{"countdown_design":"countdown_design_2","bn_end_time":"11-10-2029","bn_txt_fs":16,"number_txt_fs":40,"bn_txt_fw":400,"bn_txt_tf":"unset","bn_txt_mt":80,"bn_txt_mb":0}}},"block_order":["be9e504e-603e-4cbd-838c-18220cd274cf","template--16567751082231__6974547b-ad71-482a-b14c-f6b4c1b74363-1676106240ff35c35a-0","template--16567751082231__6974547b-ad71-482a-b14c-f6b4c1b74363-1676106240ff35c35a-1","template--16567751082231__6974547b-ad71-482a-b14c-f6b4c1b74363-1676106240ff35c35a-2","d803b512-f292-4282-8c9c-a9387b341db7"],"disabled":true,"custom_css":[".banner-with-text-overplay:not(.text-bellow-mobile) .bls__banner-text--content {padding: 4rem 1.5rem;}",".countdown_design_2 .timer-block__num {font-family: var(--heading-font-family);}",".countdown_design_2 .timer-banner {margin-top: clamp(3rem, 4.5vw, 7.5rem);}"],"settings":{"container":"full-width","color_scheme":"scheme-b808185a-cae7-47ba-9fe9-7d81ddf7e485","image_behavior":"none","banner_type":"image","image":"shopify:\/\/shop_images\/banner.png","image_mobile":"shopify:\/\/shop_images\/mob-banner.png","video_url":"","link":"shopify:\/\/collections\/top-dresses","open_link":"_blank","bn_design":"text_overlay","text_align":"text-center","text_horizontal_position":"center","text_position":"center","content_bg_color":"","background_gradient":"","content_width":70,"banner_height":"custom-height","height_dk":800,"height_tb":600,"height_mb":460,"height_full":true,"content_box":"content_in_container","bg_opacity":100,"text_bellow_mobile":false,"img_position":"left","banner_width":"col-md-6","column_gap":10,"hover_effect":"none","padding_top":0,"padding_bottom":0,"reset_spacing":false}},"products_grid_3bFMiL":{"type":"products-grid","settings":{"heading_logo_svg":"","heading":"Bestseller","description":"","text_alignment":"text-center","container":"container","color_scheme":"","collection":"shop-all","limit_products":10,"item_desktop":4,"column_gap":30,"enable_banner":false,"enable_sticky_banner":false,"banner_type":"image","video_url":"","banner_position":"position-left","banner_link":"","banner_width":30,"text_content":"","view_all_enable":true,"text_view_all":"View All","load_more_button_enable":true,"number_of_rows":4,"button_action":"load","button_label":"Load more","button_type":"primary","padding_top":0,"padding_bottom":0,"reset_spacing":false}},"73461824-da03-4ab3-b3ec-181b3b9d394e":{"type":"instagram","settings":{"heading_logo_svg":"","heading":"Follow Us","description":"<p><a href=\"https:\/\/www.instagram.com\/seeladesigns_clothing\/\" target=\"_blank\" title=\"https:\/\/www.instagram.com\/seeladesigns_clothing\/\">@seeladesigns_clothing <\/a><\/p>","text_alignment":"text-center","container":"container-fluid","color_scheme":"scheme-013ccfbf-beb5-42e6-bc8f-8a36ab634ca7","column_gap":5,"ig_image_show":"ig_type_api","aspect_ratio":"1\/1","ig_ac":"IGQWRON2hyTmtCUzRIOUZAMTFZAEU3ZAZAWXpDMTAteWwzYjB3dVZAURWFIb3Uwc2FHNVpBV3J2V0p1VHdybTMxbWFFQTJLS0Q3S1FPcmdGOG1EdDFyWnZAEYnN0Mk5nM1JMNGVuaUsyVFB6amg3ZAkRkVVdLVmlIOExVWmMZD","ig_num_imgs":20,"ig_type":"grid","images_per_row_grid_d":6,"carousel_autoplay":true,"carousel_loop":true,"carousel_arrows":false,"carousel_pagination":"carousel_none","padding_top":100,"padding_bottom":100,"reset_spacing":true}}},"order":["0c521c75-5d82-4dd6-aecc-f519d8907411","tuzz_menu_pRTMmr","collection_list_iR9q7Y","shopable_video_PxixPh","collection_list_ARE7pL","5f065e59-5fbd-4f35-8f39-6d1f5afac865","6974547b-ad71-482a-b14c-f6b4c1b74363","products_grid_3bFMiL","73461824-da03-4ab3-b3ec-181b3b9d394e"]}