{"sections":{"main":{"type":"main-list-collections","blocks":{"collection_txdd7i":{"type":"collection","settings":{"title_collection":"","collection":"saree"}},"collection_4Ga6zW":{"type":"collection","settings":{"title_collection":"","collection":"kurta"}},"collection_kHM6Gt":{"type":"collection","settings":{"title_collection":"","collection":"thavani"}}},"block_order":["collection_txdd7i","collection_4Ga6zW","collection_kHM6Gt"],"settings":{"container":"container-fluid","title":"All collections","des_collection":"BEAUTIFULLY CRAFTEDHANDLOOM SAREES","type":"custom","sort":"alphabetical","layout":"layout-1","hover_effect":"zoom","images_style":"radius","image_ratio":"custom","custom_ratio":"377:464","show_count_product":true,"columns_desktop":4,"show_button":true,"btn_text":"Shop now","show_description":true,"limit_content_des":23,"column_gap":30,"collection_infinite_scroll":true,"collection_limit":12,"button_show_more":"Show more collections"}}},"order":["main"]}