{"sections":{"page-heading":{"type":"page-heading","blocks":{"title":{"type":"1","settings":{"page_title":"Wishlist","text_fs":45}}},"block_order":["title"],"settings":{"color_scheme":"","show_banner":false,"min_height":200,"parallax":false,"show_overlay":false,"overlay":54,"design":"text-overlay-image","text_postion":"text-center"}},"main":{"type":"page-wishlist","settings":{}},"047e5845-e31c-4f69-b103-253ec4b2118d":{"type":"divider","settings":{"container":"container","border_height":1,"border_color":"#ebebeb","padding_top":0,"padding_bottom":0,"reset_spacing":false}},"5bcc2ebf-088c-477d-88a6-8121d6b08acb":{"type":"products-recently-viewed","settings":{"heading_logo_svg":"","heading":"Recently Viewed","description":"<p>The best quality products are waiting for you. Choose it now!<\/p>","text_alignment":"text-center","container":"container","color_scheme":"","limit_products":6,"item_desktop":4,"column_gap":30,"carousel_autoplay":false,"carousel_loop":false,"carousel_arrows":false,"carousel_pagination":"carousel_none","padding_top":0,"padding_bottom":0,"reset_spacing":false}}},"order":["page-heading","main","047e5845-e31c-4f69-b103-253ec4b2118d","5bcc2ebf-088c-477d-88a6-8121d6b08acb"]}