{"sections":{"page-heading":{"type":"page-heading","blocks":{"title":{"type":"1","settings":{"page_title":"","text_fs":45}}},"block_order":["title"],"settings":{"show_banner":false,"min_height":200,"parallax":false,"show_overlay":false,"overlay":54,"design":"text-overlay-image","text_postion":"text-center"}},"main":{"type":"page-faqs","blocks":{"faq-1":{"type":"faq","settings":{"faq_title":"Shopping Information","question_1":"Pellentesque habitant morbi tristique senectus et netus?","answer_1":"<p>The perfect way to enjoy brewing tea on low hanging fruit to identify. Duis autem vel eum iriure dolor in hendrerit vulputate velit esse molestie consequat, vel illum dolore eu feugiat nulla facilisis. For me, the most important part of improving at photography has been sharing it. Lorem ipsum dolor sit amet, consectetur adipisicing elit, sed do eiusmod tempor incididunt ut labore et dolore magna aliqua. Ut enim ad minim veniam, quis nostrud exercitation ullamco laboris nisi ut aliquip ex ea commodo consequat.<\/p>","question_2":"How much is shipping and how long will it take?","answer_2":"<p>The perfect way to enjoy brewing tea on low hanging fruit to identify. Duis autem vel eum iriure dolor in hendrerit vulputate velit esse molestie consequat, vel illum dolore eu feugiat nulla facilisis. For me, the most important part of improving at photography has been sharing it. Lorem ipsum dolor sit amet, consectetur adipisicing elit, sed do eiusmod tempor incididunt ut labore et dolore magna aliqua. Ut enim ad minim veniam, quis nostrud exercitation ullamco laboris nisi ut aliquip ex ea commodo consequat.<\/p>","question_3":"How long will it take to get my package?","answer_3":"<p>The perfect way to enjoy brewing tea on low hanging fruit to identify. Duis autem vel eum iriure dolor in hendrerit vulputate velit esse molestie consequat, vel illum dolore eu feugiat nulla facilisis. For me, the most important part of improving at photography has been sharing it. Lorem ipsum dolor sit amet, consectetur adipisicing elit, sed do eiusmod tempor incididunt ut labore et dolore magna aliqua. Ut enim ad minim veniam, quis nostrud exercitation ullamco laboris nisi ut aliquip ex ea commodo consequat.<\/p>","question_4":"Branding is simply a more efficient way to sell things?","answer_4":"<p>The perfect way to enjoy brewing tea on low hanging fruit to identify. Duis autem vel eum iriure dolor in hendrerit vulputate velit esse molestie consequat, vel illum dolore eu feugiat nulla facilisis. For me, the most important part of improving at photography has been sharing it. Lorem ipsum dolor sit amet, consectetur adipisicing elit, sed do eiusmod tempor incididunt ut labore et dolore magna aliqua. Ut enim ad minim veniam, quis nostrud exercitation ullamco laboris nisi ut aliquip ex ea commodo consequat.<\/p>","question_5":"","answer_5":"","question_6":"","answer_6":"","question_7":"","answer_7":"","question_8":"","answer_8":"","question_9":"","answer_9":"","question_10":"","answer_10":""}},"faq-2":{"type":"faq","settings":{"faq_title":"Payment Information","question_1":"Pellentesque habitant morbi tristique senectus et netus?","answer_1":"<p>The perfect way to enjoy brewing tea on low hanging fruit to identify. Duis autem vel eum iriure dolor in hendrerit vulputate velit esse molestie consequat, vel illum dolore eu feugiat nulla facilisis. For me, the most important part of improving at photography has been sharing it. Lorem ipsum dolor sit amet, consectetur adipisicing elit, sed do eiusmod tempor incididunt ut labore et dolore magna aliqua. Ut enim ad minim veniam, quis nostrud exercitation ullamco laboris nisi ut aliquip ex ea commodo consequat.<\/p>","question_2":"How much is shipping and how long will it take?","answer_2":"<p>The perfect way to enjoy brewing tea on low hanging fruit to identify. Duis autem vel eum iriure dolor in hendrerit vulputate velit esse molestie consequat, vel illum dolore eu feugiat nulla facilisis. For me, the most important part of improving at photography has been sharing it. Lorem ipsum dolor sit amet, consectetur adipisicing elit, sed do eiusmod tempor incididunt ut labore et dolore magna aliqua. Ut enim ad minim veniam, quis nostrud exercitation ullamco laboris nisi ut aliquip ex ea commodo consequat.<\/p>","question_3":"How long will it take to get my package?","answer_3":"<p>Lorem ipsum dolor sit amet conse ctetur adipisicing elit, sed do eiusmod tempor incididunt ut labore et dolore.<\/p>","question_4":"Branding is simply a more efficient way to sell things?","answer_4":"<p>The perfect way to enjoy brewing tea on low hanging fruit to identify. Duis autem vel eum iriure dolor in hendrerit vulputate velit esse molestie consequat, vel illum dolore eu feugiat nulla facilisis. For me, the most important part of improving at photography has been sharing it. Lorem ipsum dolor sit amet, consectetur adipisicing elit, sed do eiusmod tempor incididunt ut labore et dolore magna aliqua. Ut enim ad minim veniam, quis nostrud exercitation ullamco laboris nisi ut aliquip ex ea commodo consequat.<\/p>","question_5":"","answer_5":"","question_6":"","answer_6":"","question_7":"","answer_7":"","question_8":"","answer_8":"","question_9":"","answer_9":"","question_10":"","answer_10":""}},"faq-3":{"type":"faq","settings":{"faq_title":"Order & Returns","question_1":"Pellentesque habitant morbi tristique senectus et netus?","answer_1":"<p>The perfect way to enjoy brewing tea on low hanging fruit to identify. Duis autem vel eum iriure dolor in hendrerit vulputate velit esse molestie consequat, vel illum dolore eu feugiat nulla facilisis. For me, the most important part of improving at photography has been sharing it. Lorem ipsum dolor sit amet, consectetur adipisicing elit, sed do eiusmod tempor incididunt ut labore et dolore magna aliqua. Ut enim ad minim veniam, quis nostrud exercitation ullamco laboris nisi ut aliquip ex ea commodo consequat.<\/p>","question_2":"How much is shipping and how long will it take?","answer_2":"<p>The perfect way to enjoy brewing tea on low hanging fruit to identify. Duis autem vel eum iriure dolor in hendrerit vulputate velit esse molestie consequat, vel illum dolore eu feugiat nulla facilisis. For me, the most important part of improving at photography has been sharing it. Lorem ipsum dolor sit amet, consectetur adipisicing elit, sed do eiusmod tempor incididunt ut labore et dolore magna aliqua. Ut enim ad minim veniam, quis nostrud exercitation ullamco laboris nisi ut aliquip ex ea commodo consequat.<\/p>","question_3":"How long will it take to get my package?","answer_3":"<p>The perfect way to enjoy brewing tea on low hanging fruit to identify. Duis autem vel eum iriure dolor in hendrerit vulputate velit esse molestie consequat, vel illum dolore eu feugiat nulla facilisis. For me, the most important part of improving at photography has been sharing it. Lorem ipsum dolor sit amet, consectetur adipisicing elit, sed do eiusmod tempor incididunt ut labore et dolore magna aliqua. Ut enim ad minim veniam, quis nostrud exercitation ullamco laboris nisi ut aliquip ex ea commodo consequat.<\/p>","question_4":"Branding is simply a more efficient way to sell things?","answer_4":"<p>The perfect way to enjoy brewing tea on low hanging fruit to identify. Duis autem vel eum iriure dolor in hendrerit vulputate velit esse molestie consequat, vel illum dolore eu feugiat nulla facilisis. For me, the most important part of improving at photography has been sharing it. Lorem ipsum dolor sit amet, consectetur adipisicing elit, sed do eiusmod tempor incididunt ut labore et dolore magna aliqua. Ut enim ad minim veniam, quis nostrud exercitation ullamco laboris nisi ut aliquip ex ea commodo consequat.<\/p>","question_5":"","answer_5":"","question_6":"","answer_6":"","question_7":"","answer_7":"","question_8":"","answer_8":"","question_9":"","answer_9":"","question_10":"","answer_10":""}},"faq-4":{"type":"faq","settings":{"faq_title":"Ordering from Umino","question_1":"Pellentesque habitant morbi tristique senectus et netus?","answer_1":"<p>The perfect way to enjoy brewing tea on low hanging fruit to identify. Duis autem vel eum iriure dolor in hendrerit vulputate velit esse molestie consequat, vel illum dolore eu feugiat nulla facilisis. For me, the most important part of improving at photography has been sharing it. Lorem ipsum dolor sit amet, consectetur adipisicing elit, sed do eiusmod tempor incididunt ut labore et dolore magna aliqua. Ut enim ad minim veniam, quis nostrud exercitation ullamco laboris nisi ut aliquip ex ea commodo consequat.<\/p>","question_2":"How much is shipping and how long will it take?","answer_2":"<p>The perfect way to enjoy brewing tea on low hanging fruit to identify. Duis autem vel eum iriure dolor in hendrerit vulputate velit esse molestie consequat, vel illum dolore eu feugiat nulla facilisis. For me, the most important part of improving at photography has been sharing it. Lorem ipsum dolor sit amet, consectetur adipisicing elit, sed do eiusmod tempor incididunt ut labore et dolore magna aliqua. Ut enim ad minim veniam, quis nostrud exercitation ullamco laboris nisi ut aliquip ex ea commodo consequat.<\/p>","question_3":"How long will it take to get my package?","answer_3":"<p>The perfect way to enjoy brewing tea on low hanging fruit to identify. Duis autem vel eum iriure dolor in hendrerit vulputate velit esse molestie consequat, vel illum dolore eu feugiat nulla facilisis. For me, the most important part of improving at photography has been sharing it. Lorem ipsum dolor sit amet, consectetur adipisicing elit, sed do eiusmod tempor incididunt ut labore et dolore magna aliqua. Ut enim ad minim veniam, quis nostrud exercitation ullamco laboris nisi ut aliquip ex ea commodo consequat.<\/p>","question_4":"Branding is simply a more efficient way to sell things?","answer_4":"<p>Lorem ipsum dolor sit amet conse ctetur adipisicing elit, sed do eiusmod tempor incididunt ut labore et dolore.<\/p>","question_5":"","answer_5":"","question_6":"","answer_6":"","question_7":"","answer_7":"","question_8":"","answer_8":"","question_9":"","answer_9":"","question_10":"","answer_10":""}}},"block_order":["faq-1","faq-2","faq-3","faq-4"],"settings":{"container":"container","show_number":true,"heading_help":"Need Help?","text":"<p>If you have an issue or question that requires immediate assistance, you can click the button below to chat live with a Customer Service representative.<\/p><p>Please allow 06 - 12 business days from the time your package arrives back to us for a refund to be issued.<\/p>","show_button_1":true,"icon_1":"","label_1":"Message Us","link_1":"shopify:\/\/pages\/contact","show_button_2":true,"icon_2":"","label_2":"Our stores","link_2":"shopify:\/\/pages\/our-stores"}}},"order":["page-heading","main"]}