{"layout":"password","sections":{"main":{"type":"main-password-content","blocks":{"e7b6a4c6-4d07-4a75-8f0d-9d68c7b4196d":{"type":"logo","settings":{"image":"shopify:\/\/shop_images\/logo_checkout.png","text_img_mt":1,"text_img_mb":25}},"60a18501-9eef-47d2-b215-da4519246044":{"type":"heading","settings":{"title":"Opening Soon","heading_color":"#111111","heading_fs":40,"heading_fw":500,"heading_tf":"unset","heading_mt":0,"heading_mb":15}},"a12e9e88-5ce3-4178-8e1a-5c4b83fe3926":{"type":"subheading","settings":{"sub_title":"A great new website is under construction and it will be available soon.","subheading_color":"#111111","subheading_fs":14,"subheading_fw":500,"subheading_tf":"unset","subheading_mt":0,"subheading_mb":25}},"347a1297-3b16-455f-b1ab-9c92ac566d09":{"type":"countdown_bn","settings":{"countdown_design":"countdown_design_3","bn_end_time":"8-24-2023","bn_txt_color":"#111111","bn_txt_fs":12,"number_txt_fs":36,"bn_txt_fw":600,"bn_txt_tf":"uppercase","bn_txt_mt":0,"bn_txt_mb":25}},"ee8e5037-21d1-4a3d-93e5-9efce25554ff":{"type":"form_subscribe","settings":{"email_placeholder":"Enter your email...","btn_label":"Subscribe","form_txt_mt":0,"form_txt_mb":25}},"86c170ba-a308-48e3-9216-b3728244911d":{"type":"text","settings":{"txt_content":"<p>This shop will be powered by GouthamTuzz Shopify Deavloper Partner  (password: 1). Are you the store owner? <a href=\"\/admin\" target=\"_blank\" title=\"\/admin\">Log in here<\/a><\/p>","txt_color":"","txt_fs":16,"txt_fw":400,"txt_tf":"unset","txt_mt":30,"txt_mb":25}}},"block_order":["e7b6a4c6-4d07-4a75-8f0d-9d68c7b4196d","60a18501-9eef-47d2-b215-da4519246044","a12e9e88-5ce3-4178-8e1a-5c4b83fe3926","347a1297-3b16-455f-b1ab-9c92ac566d09","ee8e5037-21d1-4a3d-93e5-9efce25554ff","86c170ba-a308-48e3-9216-b3728244911d"],"settings":{"container":"full-width","enable_banner":true,"banner_img":"shopify:\/\/shop_images\/bg_4.jpg","banner_position":"position-right","banner_width":50,"text_horizontal_position":"left","text_position":"center","text_align":"text-left","content_width":60}}},"order":["main"]}