{"sections":{"breadcrumb":{"type":"breadcrumb","settings":{"color_scheme":"","postion":"text-left","next_prev":false}},"main":{"type":"main-product-layout-2","blocks":{"4fb992c4-abd8-4a65-a790-09cd83721e45":{"type":"product_label","settings":{}},"82f7102f-e1b6-4eb3-89b7-ee189edc5f76":{"type":"product_title","settings":{"font_size":24}},"836d9723-358d-4023-88a8-2d3b5907093e":{"type":"review_sold","settings":{"show_review":true,"show_sold_product":true,"sold":"8,10,12,15,17,22","hours":"10,12,15,16,17,18,20,24"}},"7d760b32-e8e4-42d9-8998-91d6fb23aaef":{"type":"product_price","settings":{}},"dbd063d5-9b87-45d4-9984-deb077fa0e85":{"type":"short_description","settings":{"length":31}},"66e6994c-2a75-4723-a6a4-d69ac368f716":{"type":"visitors","settings":{"count_text":"[count_number] people are viewing this right now","count_range_max":30,"count_range_min":10,"view_duration":10}},"39f14f5e-3cc5-4645-a921-f071b109d244":{"type":"countdown_timer","settings":{"show_countdown_timer":true,"message":"Hurry Up! Sale ends in:"}},"3870a5bb-fec0-4b82-9405-e324077ed947":{"type":"product_swatch","settings":{}},"062f7cd6-1265-4c29-a22c-e2bbebc5f2b6":{"type":"product_addons","settings":{"size_chart":"2","type_size_chart":"1","page":"","text":"","show_compare_color":true,"show_ask":true,"show_share":true}},"f98b666a-7c37-41ed-be7b-4a28f4a1e8b4":{"type":"stock_countdown","settings":{"message":"Hurry Up! Only [count] left in stock!","qty":35}},"37f20969-8bae-47ff-89e1-b0be3169e19a":{"type":"product_form","settings":{"button_animation":"flash-move","show_buy_now":true,"show_gift_card_recipient":true,"label_quantity_product_information":false}},"fb4d791a-e332-4dc8-b188-114a9e802869":{"type":"pickup_availability","disabled":true,"settings":{}},"c772ce81-4aa5-415d-8939-631c6d4897ff":{"type":"delivery_return","settings":{"show_delivery":true,"delivery_text":"<p>Estimate delivery times: <strong>12-26 days<\/strong> (International), <strong>3-6 days<\/strong> (United States).<\/p>","show_return":true,"return_text":"<p>Return within <strong>45 days<\/strong> of purchase. Duties & taxes are non-refundable.<\/p>"}},"e3c98e10-4e94-4a55-bf4e-364e68cbe829":{"type":"trust_badge","settings":{"heading":"<p>Guarantee safe checkout<\/p>","image_width":300,"position":"above"}},"9fa1de37-800a-43f8-83b4-bb6706589c36":{"type":"product_meta","settings":{"show_vendors":true,"show_available":true,"show_sku":true,"show_barcode":false,"show_type":true,"show_collection":true}}},"block_order":["4fb992c4-abd8-4a65-a790-09cd83721e45","82f7102f-e1b6-4eb3-89b7-ee189edc5f76","836d9723-358d-4023-88a8-2d3b5907093e","7d760b32-e8e4-42d9-8998-91d6fb23aaef","dbd063d5-9b87-45d4-9984-deb077fa0e85","66e6994c-2a75-4723-a6a4-d69ac368f716","39f14f5e-3cc5-4645-a921-f071b109d244","3870a5bb-fec0-4b82-9405-e324077ed947","062f7cd6-1265-4c29-a22c-e2bbebc5f2b6","f98b666a-7c37-41ed-be7b-4a28f4a1e8b4","37f20969-8bae-47ff-89e1-b0be3169e19a","fb4d791a-e332-4dc8-b188-114a9e802869","c772ce81-4aa5-415d-8939-631c6d4897ff","e3c98e10-4e94-4a55-bf4e-364e68cbe829","9fa1de37-800a-43f8-83b4-bb6706589c36"],"settings":{"design":"thumbnails-left","color_scheme":"","product_loading_effect":false,"sticky_product_information":true,"image_action":"show_zoom_button","zoom_type":"inner-1","hidden_zoom_mobile":false,"enable_video_looping":false,"thumbnails_mobile":"1","use_variants_group":false,"swatch_size":"medium","bought_together":true,"sticky":false,"sticky_mode":"2"}},"product-sidebar":{"type":"product-sidebar","blocks":{"categories":{"type":"categories","settings":{"title":"Products category","menu":""}},"shipping":{"type":"shipping","settings":{"title":"Delivery Information","icon_1":"<svg width=\"30\" height=\"30\" viewbox=\"0 0 30 30\" fill=\"none\" xmlns=\"http:\/\/www.w3.org\/2000\/svg\">\n<path d=\"M3.96289 9.2998L15.0004 15.6873L25.9629 9.33727\" stroke=\"#111111\" stroke-width=\"2\" stroke-linecap=\"round\" stroke-linejoin=\"round\"><\/path>\n<path d=\"M15 27.0123V15.6748\" stroke=\"#111111\" stroke-width=\"2\" stroke-linecap=\"round\" stroke-linejoin=\"round\"><\/path>\n<path d=\"M12.4133 3.1L5.73826 6.81254C4.22576 7.65004 2.98828 9.75001 2.98828 11.475V18.5375C2.98828 20.2625 4.22576 22.3625 5.73826 23.2L12.4133 26.9126C13.8383 27.7001 16.1757 27.7001 17.6007 26.9126L24.2758 23.2C25.7883 22.3625 27.0258 20.2625 27.0258 18.5375V11.475C27.0258 9.75001 25.7883 7.65004 24.2758 6.81254L17.6007 3.1C16.1632 2.3 13.8383 2.3 12.4133 3.1Z\" stroke=\"#111111\" stroke-width=\"2\" stroke-linecap=\"round\" stroke-linejoin=\"round\"><\/path>\n<path d=\"M21.2492 16.55V11.9751L9.38672 5.125\" stroke=\"#111111\" stroke-width=\"2\" stroke-linecap=\"round\" stroke-linejoin=\"round\"><\/path>\n<\/svg>","title_1":"Fast Delivery","content_1":"Deliver in 24 hours max!","icon_2":"<svg width=\"30\" height=\"30\" viewbox=\"0 0 30 30\" fill=\"none\" xmlns=\"http:\/\/www.w3.org\/2000\/svg\">\n<path d=\"M4.91211 19.8486L19.8496 4.91113\" stroke=\"#111111\" stroke-width=\"2\" stroke-miterlimit=\"10\" stroke-linecap=\"round\" stroke-linejoin=\"round\"><\/path>\n<path d=\"M13.877 22.8486L15.377 21.3486\" stroke=\"#111111\" stroke-width=\"2\" stroke-miterlimit=\"10\" stroke-linecap=\"round\" stroke-linejoin=\"round\"><\/path>\n<path d=\"M17.2422 19.4855L20.2297 16.498\" stroke=\"#111111\" stroke-width=\"2\" stroke-miterlimit=\"10\" stroke-linecap=\"round\" stroke-linejoin=\"round\"><\/path>\n<path d=\"M4.50159 12.7989L12.8016 4.49887C15.4516 1.84887 16.7766 1.83637 19.4016 4.46137L25.5391 10.5989C28.1641 13.2239 28.1516 14.5489 25.5016 17.1989L17.2016 25.4989C14.5516 28.1489 13.2266 28.1614 10.6016 25.5364L4.46409 19.3989C1.83909 16.7739 1.83909 15.4614 4.50159 12.7989Z\" stroke=\"#111111\" stroke-width=\"2\" stroke-linecap=\"round\" stroke-linejoin=\"round\"><\/path>\n<path d=\"M2.5 27.498H27.5\" stroke=\"#111111\" stroke-width=\"2\" stroke-linecap=\"round\" stroke-linejoin=\"round\"><\/path>\n<\/svg>","title_2":"Safe Payment","content_2":"Visa, Mastercard, PayPal...","icon_3":"<svg width=\"30\" height=\"30\" viewbox=\"0 0 30 30\" fill=\"none\" xmlns=\"http:\/\/www.w3.org\/2000\/svg\">\n<path d=\"M10.4746 14.9996L13.4871 18.0246L19.5246 11.9746\" stroke=\"#111111\" stroke-width=\"2\" stroke-linecap=\"round\" stroke-linejoin=\"round\"><\/path>\n<path d=\"M13.4371 3.06289C14.2996 2.32539 15.7121 2.32539 16.5871 3.06289L18.5621 4.76289C18.9371 5.08789 19.6371 5.35039 20.1371 5.35039H22.2621C23.5871 5.35039 24.6746 6.43789 24.6746 7.76289V9.88789C24.6746 10.3754 24.9371 11.0879 25.2621 11.4629L26.9621 13.4379C27.6996 14.3004 27.6996 15.7129 26.9621 16.5879L25.2621 18.5629C24.9371 18.9379 24.6746 19.6379 24.6746 20.1379V22.2629C24.6746 23.5879 23.5871 24.6754 22.2621 24.6754H20.1371C19.6496 24.6754 18.9371 24.9379 18.5621 25.2629L16.5871 26.9629C15.7246 27.7004 14.3121 27.7004 13.4371 26.9629L11.4621 25.2629C11.0871 24.9379 10.3871 24.6754 9.88711 24.6754H7.72461C6.39961 24.6754 5.31211 23.5879 5.31211 22.2629V20.1254C5.31211 19.6379 5.04961 18.9379 4.73711 18.5629L3.04961 16.5754C2.32461 15.7129 2.32461 14.3129 3.04961 13.4504L4.73711 11.4629C5.04961 11.0879 5.31211 10.3879 5.31211 9.90039V7.75039C5.31211 6.42539 6.39961 5.33789 7.72461 5.33789H9.88711C10.3746 5.33789 11.0871 5.07539 11.4621 4.75039L13.4371 3.06289Z\" stroke=\"#111111\" stroke-width=\"2\" stroke-linecap=\"round\" stroke-linejoin=\"round\"><\/path>\n<\/svg>","title_3":"Support Online","content_3":"Free returns within 15 days","icon_4":"","title_4":"","content_4":"","icon_5":"","title_5":"","content_5":""}},"instagram":{"type":"instagram","settings":{"title":"Instagram","ig_ac":"","ig_num_imgs":9,"space_column":5}}},"block_order":["categories","shipping","instagram"],"settings":{"enable_sidebar":false,"sidebar_layout":"left"}},"information-tabs":{"type":"product-information-tabs","blocks":{"5ff6a4f5-c591-4a3f-bb68-b1efa1c91ab5":{"type":"description","settings":{"title":"Description"}},"eed0ec65-8223-4e69-a5e8-1eb4c5529a64":{"type":"custom_tab","settings":{"title":"Additional Information","tab_content":"content_page","content":"","page":"detail-information-r"}},"de7d437d-d088-49b0-9426-0e78b2a44fd7":{"type":"custom_tab","settings":{"title":"Shipping & Returns","tab_content":"content","content":"<p>For all orders exceeding a value of 100USD shipping is offered for free. <\/p><p>Returns will be accepted for up to 10 days of Customer’s receipt or tracking number on unworn items. You, as a Customer, are obliged to inform us via email before you return the item.<\/p><p>Otherwise, standard shipping charges apply. Check out our delivery <a href=\"\/pages\/privacy-policy\" target=\"_blank\" title=\"Privacy Policy\">Terms & Conditions <\/a>for more details. <\/p>","page":""}}},"block_order":["5ff6a4f5-c591-4a3f-bb68-b1efa1c91ab5","eed0ec65-8223-4e69-a5e8-1eb4c5529a64","de7d437d-d088-49b0-9426-0e78b2a44fd7"],"settings":{"color_scheme":"","design":"tab","position":"1","open_first_tab":true,"show_two_column":false,"custom_class":"product-layout-2","reset_spacing":false}},"b85c568e-3b8d-48c8-ac89-c45b5bb72dc6":{"type":"products-recently-viewed","disabled":true,"settings":{"heading_logo_svg":"","heading":"Recently Viewed","description":"<p>Don't forget! The products that you viewed. Add it to cart now.<\/p>","text_alignment":"text-center","container":"container","color_scheme":"","limit_products":6,"item_desktop":4,"column_gap":30,"carousel_autoplay":false,"carousel_loop":false,"carousel_arrows":true,"carousel_pagination":"carousel_none","padding_top":0,"padding_bottom":0,"reset_spacing":true}},"product-recommendations":{"type":"product-recommendations","disabled":true,"settings":{"heading":"People Also Bought","description":"<p>Here’s some of our most similar products people are buying. Click to discover trending style.<\/p>","text_alignment":"text-center","container":"container","product_recommendations_background_color":"#f1f3f7","limit_products":4,"item_desktop":4,"column_gap":30,"carousel_autoplay":false,"carousel_loop":false,"carousel_arrows":true,"carousel_pagination":"carousel_none","padding_top":0,"padding_bottom":0,"reset_spacing":true}},"aa060ffa-67b7-410f-9548-accfbff02539":{"type":"products-carousel","settings":{"heading_logo_svg":"","heading":"Bestseller Product","description":"","text_alignment":"text-left","container":"container-fluid","color_scheme":"","collection":"top-selling-digital","limit_products":8,"item_desktop":5,"column_gap":20,"item_mobile":false,"carousel_autoplay":false,"carousel_loop":false,"carousel_arrows":false,"carousel_pagination":"carousel_none","reveal_on_scroll":false,"view_all_enable":true,"text_view_all":"View All","enable_banner":false,"banner_type":"image","video_url":"https:\/\/www.youtube.com\/watch?v=_9VUPq3SxOc","banner_position":"position-left","banner_link":"","banner_width":30,"padding_top":0,"padding_bottom":0,"reset_spacing":true}},"a032e28e-7642-4cec-b2ac-e0d665d4f01e":{"type":"products-carousel","settings":{"heading_logo_svg":"","heading":"People Also Bought","description":"","text_alignment":"text-left","container":"container","color_scheme":"","collection":"top-deals-digitals","limit_products":8,"item_desktop":5,"column_gap":20,"item_mobile":false,"carousel_autoplay":false,"carousel_loop":false,"carousel_arrows":false,"carousel_pagination":"carousel_none","reveal_on_scroll":false,"view_all_enable":false,"text_view_all":"View All","enable_banner":false,"banner_type":"image","video_url":"https:\/\/www.youtube.com\/watch?v=_9VUPq3SxOc","banner_position":"position-left","banner_link":"","banner_width":30,"padding_top":60,"padding_bottom":60,"reset_spacing":true}}},"order":["breadcrumb","main","product-sidebar","information-tabs","b85c568e-3b8d-48c8-ac89-c45b5bb72dc6","product-recommendations","aa060ffa-67b7-410f-9548-accfbff02539","a032e28e-7642-4cec-b2ac-e0d665d4f01e"]}